<?xml version="1.0" encoding="UTF-8"?>
<templates>
    <t t-name="inmoser_service_order.TechnicianServiceDialog">
        <div class="container-fluid">
            <div class="row mb-3">
                <div class="col-6"><strong>Order:</strong> <t t-esc="order.name"/></div>
                <div class="col-6">
                    <strong>State:</strong>
                    <span class="badge" t-attf-class="badge-{{ order.state === 'done' ? 'success' : order.state === 'in_progress' ? 'primary' : 'secondary' }}">
                        <t t-esc="order.state"/>
                    </span>
                </div>
            </div>
            <div class="row mb-3"><div class="col-12"><strong>Customer:</strong> <t t-esc="order.partner_id[1]"/></div></div>
            <div class="row mb-3"><div class="col-12"><strong>Equipment:</strong> <t t-esc="order.equipment_id[1]"/></div></div>
            <div class="row mb-3"><div class="col-12"><strong>Scheduled Date:</strong> <t t-esc="order.scheduled_date"/></div></div>
            <div class="row mb-3"><div class="col-12"><strong>Reported Fault:</strong> <t t-esc="order.reported_fault || '-'"/></div></div>
            <div class="row mb-3"><div class="col-12"><strong>Diagnosis:</strong> <t t-esc="order.diagnosis || '-'"/></div></div>
            <div class="row mb-3"><div class="col-12"><strong>Work Performed:</strong> <t t-esc="order.work_performed || '-'"/></div></div>
            <div class="row mb-3"><div class="col-12"><strong>Total Amount:</strong> <t t-esc="order.total_amount"/></div></div>
        </div>
    </t>
</templates>
